{
  "cnn1d": {
    "dann_lr_scale": 0.5,
    "dann_lr": 0.00042917496012509016,
    "dann_weight": 0.1,
    "val_f1": 0.42906,
    "test_f1": 0.49445,
    "per_class_f1": [
      0.8123,
      0.1282,
      0.3638,
      0.7337,
      0.4344
    ],
    "model_kwargs": {
      "channels": [
        32,
        32,
        32
      ],
      "dropout": 0.391641942262628
    },
    "base_train_kwargs": {
      "lr": 0.0008583499202501803,
      "weight_decay": 0.003661716025422656,
      "label_smoothing": 0.13761149710856801,
      "batch_size": 128
    }
  }
}